Subject,total_count,avg_points,median_points
مزدوج,7180,135.09721448467965,53.0
اϷمازيغية,311,49.347266881028936,42.0
